{"stats":{"minecraft:picked_up":{"minecraft:wooden_axe":2,"minecraft:cocoa_beans":5,"minecraft:crafting_table":10,"minecraft:coarse_dirt":4,"minecraft:wheat":4,"minecraft:wooden_pickaxe":2,"minecraft:string":8,"minecraft:raw_copper":48,"minecraft:armor_stand":1,"minecraft:iron_leggings":1,"minecraft:item_frame":1,"minecraft:experience_bottle":1,"iceandfire:bestiary":2,"alexsmobs:banana":5,"minecraft:comparator":1,"minecraft:spruce_planks":6,"minecraft:jungle_sapling":17,"minecraft:spruce_slab":3,"minecraft:chest":1,"iceandfire:podium_acacia":1,"minecraft:spruce_trapdoor":5,"minecraft:egg":1,"minecraft:furnace":1,"minecraft:stick":58,"minecraft:raw_iron":14,"minecraft:sandstone":14,"quark:hollow_jungle_log":2,"minecraft:torch":7,"minecraft:spruce_fence":1,"minecraft:carrot":6,"minecraft:stone_pressure_plate":1,"minecraft:arrow":7,"minecraft:light_gray_bed":5,"biomesoplenty:mahogany_sapling":19,"minecraft:cut_copper":1,"minecraft:hay_block":64,"alexsmobs:emu_egg":1,"minecraft:mangrove_roots":1,"minecraft:cobblestone":50,"minecraft:cod":1,"minecraft:bone_block":5,"minecraft:white_wool":12,"minecraft:magma_block":5,"minecraft:basalt":14,"minecraft:jungle_log":324,"minecraft:cut_sandstone":1,"minecraft:leather":1,"minecraft:oak_log":3,"minecraft:lapis_lazuli":4,"minecraft:dirt":9,"minecraft:orange_terracotta":1,"minecraft:leather_boots":1,"minecraft:smooth_sandstone":1,"minecraft:bone":2,"iceandfire:pixie_jar_empty":2,"minecraft:wheat_seeds":2,"minecraft:iron_ingot":1,"minecraft:stone_pickaxe":1,"minecraft:spruce_sapling":7,"minecraft:spruce_log":28,"minecraft:leather_helmet":2,"alexsmobs:animal_dictionary":1,"minecraft:mossy_cobblestone":4,"minecraft:orange_wool":2,"biomesoplenty:mahogany_log":71,"minecraft:polished_andesite":1,"minecraft:stone_axe":1,"waystones:waystone":1,"minecraft:lever":1,"minecraft:iron_helmet":1,"alexsmobs:rattlesnake_rattle":1,"minecraft:crossbow":1,"alexsmobs:maggot":1,"minecraft:oak_sapling":5,"minecraft:coal":71,"iceandfire:raw_silver":1},"minecraft:mined":{"minecraft:stone_pressure_plate":1,"iceandfire:silver_ore":1,"minecraft:mossy_cobblestone":2,"farmersdelight:wild_carrots":2,"minecraft:jungle_leaves":3,"minecraft:dark_oak_log":1,"minecraft:mangrove_roots":2,"minecraft:lever":1,"minecraft:grass_block":2,"minecraft:jungle_log":5,"minecraft:light_gray_bed":4,"minecraft:sandstone":11,"minecraft:hay_block":64,"minecraft:magma_block":6,"minecraft:furnace":1,"minecraft:carrots":1,"minecraft:iron_ore":7,"minecraft:fire":1,"minecraft:orange_stained_glass_pane":2,"treechop:chopped_log":16,"minecraft:vine":5,"biomesoplenty:webbing":2,"minecraft:stone":13,"minecraft:bone_block":5,"minecraft:tripwire":4,"iceandfire:pixie_jar_empty":2,"minecraft:cut_sandstone":1,"minecraft:orange_terracotta":1,"minecraft:basalt":32,"iceandfire:podium_acacia":3,"minecraft:crafting_table":7,"minecraft:torch":3,"minecraft:tall_grass":2,"minecraft:copper_ore":7,"minecraft:cobblestone":20,"biomesoplenty:sprout":1,"minecraft:wall_torch":4,"quark:hollow_jungle_log":2,"minecraft:coarse_dirt":2,"minecraft:spruce_log":1,"minecraft:grass":18,"minecraft:oak_log":2,"minecraft:coal_ore":67,"minecraft:dirt":5,"minecraft:smooth_basalt":9,"minecraft:polished_andesite":1,"minecraft:oak_leaves":5,"minecraft:fern":10},"minecraft:killed_by":{"minecraft:player":2,"iceandfire:ice_dragon":1,"minecraft:skeleton":2},"minecraft:broken":{"minecraft:stone_axe":1},"minecraft:killed":{"minecraft:spider":3,"alexsmobs:rattlesnake":1,"minecraft:skeleton":2,"alexsmobs:rhinoceros":1,"minecraft:pillager":1,"minecraft:zombie":5,"alexsmobs:fly":1},"minecraft:used":{"minecraft:stone_hoe":65,"minecraft:torch":8,"minecraft:dirt":3,"minecraft:cut_copper":1,"minecraft:jungle_planks":7,"minecraft:carrot":2,"minecraft:spruce_fence":1,"farmersdelight:beef_patty":4,"minecraft:wooden_axe":139,"alexsmobs:maggot":1,"minecraft:iron_axe":17,"minecraft:item_frame":1,"minecraft:basalt":5,"minecraft:magma_block":3,"minecraft:hay_block":1,"minecraft:mangrove_roots":1,"minecraft:oak_sapling":1,"alexsmobs:banana":5,"minecraft:egg":1,"minecraft:light_gray_bed":3,"minecraft:orange_terracotta":1,"minecraft:water_bucket":8,"minecraft:stone_pickaxe":15,"minecraft:wooden_pickaxe":44,"minecraft:sandstone":11,"minecraft:cut_sandstone":1,"minecraft:crafting_table":7,"minecraft:lever":1,"minecraft:bread":25,"minecraft:iron_pickaxe":133,"minecraft:stone_axe":93,"minecraft:cooked_porkchop":2,"minecraft:bucket":9,"alexsmobs:animal_dictionary":1,"alexsmobs:emu_egg":1},"minecraft:crafted":{"minecraft:oak_planks":4,"minecraft:iron_axe":1,"minecraft:stone_pickaxe":1,"minecraft:stone_hoe":1,"minecraft:wheat":126,"minecraft:cooked_porkchop":2,"minecraft:crafting_table":2,"minecraft:spruce_planks":16,"minecraft:wooden_pickaxe":2,"minecraft:stone_axe":1,"minecraft:air":0,"minecraft:bread":42,"farmersdelight:beef_patty":4,"minecraft:jungle_planks":16,"minecraft:stick":4,"minecraft:wooden_axe":3,"minecraft:torch":12},"minecraft:custom":{"minecraft:mob_kills":14,"minecraft:interact_with_crafting_table":12,"minecraft:open_barrel":2,"minecraft:damage_dealt_resisted":71,"minecraft:leave_game":6,"minecraft:time_since_death":37409,"minecraft:climb_one_cm":2803,"minecraft:sprint_one_cm":301194,"minecraft:walk_one_cm":407558,"minecraft:drop":19,"minecraft:talked_to_villager":1,"minecraft:play_time":110720,"minecraft:deaths":5,"minecraft:sneak_time":3462,"minecraft:walk_under_water_one_cm":3340,"minecraft:jump":2027,"minecraft:walk_on_water_one_cm":16133,"minecraft:total_world_time":110720,"minecraft:interact_with_furnace":5,"minecraft:interact_with_loom":1,"minecraft:interact_with_grindstone":1,"minecraft:sleep_in_bed":1,"minecraft:time_since_rest":37430,"minecraft:waystone_activated":4,"minecraft:damage_taken":2861,"minecraft:trigger_trapped_chest":4,"minecraft:damage_dealt":3554,"minecraft:swim_one_cm":2260,"minecraft:fly_one_cm":478196,"minecraft:open_chest":48,"minecraft:crouch_one_cm":13403,"minecraft:interact_with_smoker":1,"minecraft:fall_one_cm":59894},"minecraft:dropped":{"iceandfire:raw_silver":1,"minecraft:wheat_seeds":2,"minecraft:lapis_lazuli":8,"iceandfire:podium_acacia":1,"minecraft:saddle":1,"minecraft:coal":3,"minecraft:leather_helmet":2,"minecraft:polished_andesite":1,"minecraft:dirt":4,"minecraft:wooden_axe":1,"minecraft:iron_leggings":1,"minecraft:white_wool":12,"minecraft:armor_stand":1,"minecraft:cocoa_beans":1,"minecraft:light_gray_bed":1,"iceandfire:bestiary":1}},"DataVersion":3465}