{"stats":{"minecraft:dropped":{"minecraft:chiseled_sandstone":1,"minecraft:sugar_cane":1,"minecraft:orange_terracotta":2},"minecraft:mined":{"iceandfire:silver_ore":7,"minecraft:mossy_cobblestone":20,"iceandfire:copper_pile":42,"biomesoplenty:desert_grass":1,"minecraft:allium":1,"minecraft:grass_block":1,"minecraft:decorated_pot":1,"iceandfire:lectern":1,"minecraft:sandstone":2,"biomesoplenty:dune_grass":3,"minecraft:large_fern":1,"minecraft:hay_block":14,"farmersdelight:wild_onions":11,"minecraft:furnace":1,"minecraft:raw_gold_block":1,"minecraft:iron_ore":4,"minecraft:fire":13,"minecraft:chiseled_sandstone":1,"treechop:chopped_log":6,"biomesoplenty:magic_log":2,"minecraft:polished_deepslate":2,"minecraft:cut_copper":3,"minecraft:bone_block":16,"minecraft:white_wool":4,"minecraft:tripwire":2,"iceandfire:pixie_jar_empty":6,"minecraft:cut_sandstone":7,"minecraft:exposed_copper":1,"minecraft:orange_terracotta":2,"minecraft:crafting_table":2,"minecraft:dead_bush":3,"biomesoplenty:high_grass_plant":1,"biomesoplenty:sprout":3,"biomesoplenty:mahogany_log":1,"minecraft:tnt":9,"minecraft:copper_block":1,"minecraft:grass":25,"minecraft:coal_ore":37,"minecraft:sand":1,"minecraft:dirt":4,"minecraft:oak_leaves":5,"minecraft:fern":4},"minecraft:killed":{"minecraft:spider":1,"iceandfire:deathworm":1,"minecraft:rabbit":2,"minecraft:creeper":3,"minecraft:sheep":1,"minecraft:pillager":3,"minecraft:zombie":2,"minecraft:cow":8},"minecraft:custom":{"minecraft:mob_kills":22,"minecraft:interact_with_crafting_table":7,"minecraft:open_barrel":2,"minecraft:leave_game":10,"minecraft:time_since_death":122,"minecraft:climb_one_cm":1913,"minecraft:sprint_one_cm":427638,"minecraft:walk_one_cm":616382,"minecraft:drop":3,"minecraft:talked_to_villager":1,"minecraft:play_time":166083,"minecraft:deaths":20,"minecraft:sneak_time":2625,"minecraft:walk_under_water_one_cm":2683,"minecraft:jump":1765,"minecraft:interact_with_blast_furnace":2,"minecraft:walk_on_water_one_cm":9910,"minecraft:total_world_time":166083,"minecraft:interact_with_furnace":3,"minecraft:sleep_in_bed":5,"minecraft:time_since_rest":168,"minecraft:waystone_activated":5,"minecraft:damage_taken":7041,"minecraft:trigger_trapped_chest":2,"minecraft:damage_dealt":3361,"minecraft:swim_one_cm":6386,"minecraft:fly_one_cm":452924,"minecraft:open_chest":56,"minecraft:crouch_one_cm":12708,"minecraft:fall_one_cm":41184},"minecraft:used":{"alexsmobs:emu_egg":2,"minecraft:stone_sword":137,"minecraft:stone_shovel":6,"minecraft:torch":4,"minecraft:dirt":5,"minecraft:cut_copper":3,"minecraft:carrot":2,"minecraft:iron_helmet":1,"minecraft:smooth_basalt":1,"minecraft:basalt":5,"minecraft:furnace":1,"minecraft:egg":1,"minecraft:iron_leggings":1,"minecraft:stone_pickaxe":141,"minecraft:wooden_pickaxe":20,"minecraft:sandstone":6,"minecraft:cut_sandstone":7,"farmersdelight:onion":13,"minecraft:crafting_table":2,"minecraft:exposed_copper":1,"minecraft:bread":35,"minecraft:iron_pickaxe":5,"comforts:sleeping_bag_gray":3,"minecraft:stone_axe":72},"minecraft:crafted":{"minecraft:stone_shovel":1,"minecraft:furnace":1,"minecraft:stone_pickaxe":1,"sophisticatedbackpacks:iron_backpack":1,"minecraft:crafting_table":1,"minecraft:spruce_planks":32,"minecraft:wooden_pickaxe":1,"minecraft:copper_ingot":9,"minecraft:stone_axe":1,"minecraft:air":0,"comforts:sleeping_bag_gray":1,"minecraft:stick":8,"minecraft:iron_ingot":4,"minecraft:stone_sword":1,"minecraft:torch":20},"minecraft:picked_up":{"minecraft:crafting_table":2,"minecraft:allium":22,"minecraft:exposed_copper":1,"minecraft:polished_deepslate":1,"minecraft:string":4,"minecraft:smooth_stone_slab":1,"minecraft:pufferfish":2,"minecraft:beef":19,"minecraft:sugar_cane":1,"minecraft:egg":2,"minecraft:furnace":1,"minecraft:raw_iron":4,"minecraft:stick":18,"minecraft:sandstone":12,"iceandfire:dragonbone":4,"minecraft:raw_gold_block":1,"iceandfire:deathworm_chitin_red":8,"minecraft:torch":2,"sophisticatedbackpacks:backpack":1,"minecraft:carrot":1,"minecraft:rabbit_foot":1,"minecraft:tnt":9,"minecraft:rotten_flesh":3,"farmersdelight:onion":11,"biomesoplenty:mahogany_sapling":1,"minecraft:cut_copper":3,"minecraft:hay_block":14,"alexsmobs:emu_egg":3,"minecraft:saddle":1,"minecraft:mutton":1,"minecraft:white_wool":5,"minecraft:bone_block":17,"minecraft:heartbreak_pottery_sherd":1,"minecraft:basalt":5,"minecraft:leather":11,"minecraft:cut_sandstone":7,"minecraft:copper_block":1,"minecraft:gunpowder":3,"minecraft:dirt":5,"minecraft:orange_terracotta":2,"iceandfire:pixie_jar_empty":6,"minecraft:wheat_seeds":5,"minecraft:rabbit_hide":2,"minecraft:iron_ingot":1,"minecraft:stone_pickaxe":1,"comforts:sleeping_bag_gray":3,"minecraft:blade_pottery_sherd":1,"biomesoplenty:magic_log":32,"minecraft:rabbit":2,"minecraft:book":2,"biomesoplenty:magic_sapling":13,"iceandfire:copper_nugget":334,"minecraft:smooth_basalt":1,"minecraft:sand":17,"iceandfire:dragon_skull_fire":1,"minecraft:spruce_sapling":4,"minecraft:spruce_log":8,"minecraft:dark_oak_log":190,"minecraft:chiseled_sandstone":1,"minecraft:mossy_cobblestone":20,"biomesoplenty:mahogany_log":22,"iceandfire:lectern":1,"waystones:waystone":3,"minecraft:miner_pottery_sherd":1,"minecraft:plenty_pottery_sherd":1,"minecraft:oak_sapling":2,"minecraft:coal":48,"iceandfire:raw_silver":7},"minecraft:broken":{"minecraft:stone_pickaxe":1},"minecraft:killed_by":{"minecraft:zombie_villager":1,"iceandfire:deathworm":8,"takesapillage:archer":1,"iceandfire:ice_dragon":2,"minecraft:zombie":1,"iceandfire:ghost":2,"iceandfire:fire_dragon":2}},"DataVersion":3465}