{"stats":{"minecraft:picked_up":{"minecraft:crafting_table":7,"minecraft:feather":5,"minecraft:chicken":5,"minecraft:lead":2,"minecraft:oak_log":6,"minecraft:string":1,"minecraft:dirt":1,"minecraft:bone":4,"minecraft:wheat_seeds":9,"minecraft:cobbled_deepslate":25,"minecraft:acacia_sapling":6,"minecraft:raw_iron":19,"minecraft:furnace":2,"minecraft:dark_oak_sapling":1,"minecraft:stick":3,"minecraft:torch":8,"minecraft:acacia_log":15,"minecraft:dripstone_block":1,"minecraft:spruce_sapling":6,"minecraft:pointed_dripstone":6,"minecraft:spruce_log":13,"minecraft:dark_oak_log":2,"minecraft:mossy_cobblestone":17,"minecraft:arrow":2,"minecraft:rotten_flesh":6,"minecraft:diamond":4,"minecraft:stone_axe":1,"biomesoplenty:mahogany_sapling":12,"waystones:waystone":1,"minecraft:hay_block":27,"minecraft:granite":1,"minecraft:mangrove_roots":5,"minecraft:oak_sapling":2,"iceandfire:raw_silver":3,"minecraft:mutton":2,"minecraft:snowball":3,"minecraft:coal":17,"minecraft:white_wool":1,"minecraft:cobblestone":147},"minecraft:mined":{"minecraft:tuff":14,"minecraft:acacia_leaves":5,"iceandfire:silver_ore":3,"minecraft:mossy_cobblestone":17,"minecraft:dark_oak_leaves":1,"minecraft:deepslate_diamond_ore":4,"minecraft:dark_oak_log":2,"minecraft:mangrove_roots":3,"minecraft:crafting_table":6,"minecraft:granite":1,"minecraft:acacia_log":1,"minecraft:grass_block":1,"minecraft:tall_grass":3,"minecraft:cobblestone":5,"biomesoplenty:sprout":4,"minecraft:wall_torch":7,"minecraft:hay_block":27,"minecraft:large_fern":1,"minecraft:furnace":2,"minecraft:iron_ore":2,"minecraft:fire":7,"treechop:chopped_log":5,"minecraft:grass":24,"minecraft:pointed_dripstone":3,"minecraft:coal_ore":17,"minecraft:deepslate_iron_ore":18,"minecraft:dripstone_block":9,"minecraft:stone":143,"minecraft:deepslate":34,"minecraft:fern":4},"minecraft:killed_by":{"minecraft:skeleton":1,"minecraft:creeper":2,"iceandfire:hippogryph":1},"minecraft:broken":{"minecraft:stone_pickaxe":1},"minecraft:killed":{"minecraft:spider":1,"minecraft:wandering_trader":1,"minecraft:sheep":1,"minecraft:skeleton":2,"minecraft:zombie":6,"minecraft:chicken":5},"minecraft:used":{"minecraft:cooked_mutton":2,"minecraft:water_bucket":6,"minecraft:stone_sword":63,"minecraft:stone_pickaxe":134,"minecraft:wooden_pickaxe":8,"minecraft:cooked_chicken":4,"minecraft:rotten_flesh":1,"minecraft:iron_chestplate":1,"minecraft:torch":29,"minecraft:mossy_cobblestone":3,"minecraft:crafting_table":6,"minecraft:snowball":3,"minecraft:bread":11,"minecraft:iron_pickaxe":145,"minecraft:stone_axe":39,"minecraft:cobblestone":15,"minecraft:furnace":2,"minecraft:bucket":7,"alexsmobs:animal_dictionary":1},"minecraft:crafted":{"minecraft:crafting_table":1,"minecraft:spruce_planks":44,"minecraft:wooden_pickaxe":1,"minecraft:cooked_chicken":4,"minecraft:furnace":1,"minecraft:bucket":1,"minecraft:stone_axe":1,"minecraft:bread":59,"minecraft:cooked_mutton":2,"minecraft:air":0,"minecraft:iron_chestplate":1,"minecraft:stick":12,"minecraft:iron_ingot":14,"minecraft:iron_pickaxe":1,"minecraft:stone_pickaxe":1,"minecraft:stone_sword":1,"minecraft:torch":24,"minecraft:wheat":243},"minecraft:dropped":{"minecraft:stone_axe":1,"minecraft:cobbled_deepslate":1,"minecraft:chicken":1,"minecraft:spruce_log":1},"minecraft:custom":{"minecraft:interact_with_smithing_table":2,"minecraft:interact_with_furnace":25,"minecraft:mob_kills":16,"minecraft:interact_with_cartography_table":1,"minecraft:interact_with_crafting_table":12,"minecraft:open_barrel":13,"minecraft:leave_game":1,"minecraft:time_since_death":716,"minecraft:sleep_in_bed":3,"minecraft:climb_one_cm":684,"minecraft:time_since_rest":86,"minecraft:waystone_activated":4,"minecraft:sprint_one_cm":276471,"minecraft:damage_taken":2545,"minecraft:walk_one_cm":130448,"minecraft:drop":4,"minecraft:damage_dealt":2968,"minecraft:swim_one_cm":568,"minecraft:talked_to_villager":15,"minecraft:fly_one_cm":213630,"minecraft:player_kills":2,"minecraft:open_chest":14,"minecraft:crouch_one_cm":8378,"minecraft:play_time":52658,"minecraft:deaths":6,"minecraft:sneak_time":2499,"minecraft:walk_under_water_one_cm":326,"minecraft:jump":978,"minecraft:interact_with_blast_furnace":1,"minecraft:walk_on_water_one_cm":3629,"minecraft:interact_with_smoker":1,"minecraft:total_world_time":52658,"minecraft:fall_one_cm":26431}},"DataVersion":3465}